{
      "5": 0.0014684287812041115,
      "6": 0.001567398119122257,
      "7": 0.005025125628140704,
      "4": 0.018867924528301886,
      "8": 0.05555555555555555,
      "3": 0.1
}